<?xml version="1.0" encoding="UTF-8" standalone="no"?>
<!--iDempiere(r) Release 11_2022-12-24 -智能套件 ERP、CRM 和 SCM- (c) 1999-2023 iDempiere(r); 實施：iDempiere 社群支援-->
<!--< ! DOCTYPE idempiereTrl PUBLIC "-//ComPiere, Inc.//DTD iDempiere 翻譯 1.0//EN" "http://www.idempiere.com/dtd/idempiereTrl.dtd">-->
<idempiereTrl language="zh_TW" table="AD_FieldGroup">
 <row id="101" trl="Y">
  <value column="Name" original="Status">狀態</value>
 </row>
 <row id="102" trl="Y">
  <value column="Name" original="Quantities">數量</value>
 </row>
 <row id="103" trl="Y">
  <value column="Name" original="Amounts">金額</value>
 </row>
 <row id="104" trl="Y">
  <value column="Name" original="Reference">參考</value>
 </row>
 <row id="105" trl="Y">
  <value column="Name" original="History">歷史記錄</value>
 </row>
 <row id="106" trl="Y">
  <value column="Name" original="Product">產品</value>
 </row>
 <row id="107" trl="Y">
  <value column="Name" original="Business Partner">業務夥伴</value>
 </row>
 <row id="108" trl="Y">
  <value column="Name" original="Warehouse">倉庫</value>
 </row>
 <row id="109" trl="Y">
  <value column="Name" original="Bank Accounts">銀行帳戶</value>
 </row>
 <row id="110" trl="Y">
  <value column="Name" original="Cash Book Accounts">現金帳簿</value>
 </row>
 <row id="111" trl="Y">
  <value column="Name" original="Tax Accounts">稅收帳戶</value>
 </row>
 <row id="112" trl="Y">
  <value column="Name" original="Project Accounts">專案帳戶</value>
 </row>
 <row id="113" trl="Y">
  <value column="Name" original="General">一般</value>
 </row>
 <row id="114" trl="Y">
  <value column="Name" original="Action">動作</value>
 </row>
 <row id="115" trl="Y">
  <value column="Name" original="Standard Cost">標準成本</value>
 </row>
 <row id="116" trl="Y">
  <value column="Name" original="Actual Costs">實際成本</value>
 </row>
 <row id="117" trl="Y">
  <value column="Name" original="Statistics">統計</value>
 </row>
 <row id="118" trl="Y">
  <value column="Name" original="Defaults">預設</value>
 </row>
 <row id="119" trl="Y">
  <value column="Name" original="Request Management">請求管理</value>
 </row>
 <row id="120" trl="Y">
  <value column="Name" original="Web Store">網店</value>
 </row>
 <row id="121" trl="Y">
  <value column="Name" original="Internal">內部</value>
 </row>
 <row id="122" trl="Y">
  <value column="Name" original="External">外部</value>
 </row>
 <row id="123" trl="Y">
  <value column="Name" original="Common">公共</value>
 </row>
 <row id="124" trl="Y">
  <value column="Name" original="Shipment">運輸</value>
 </row>
 <row id="125" trl="Y">
  <value column="Name" original="Document">文件</value>
 </row>
 <row id="126" trl="Y">
  <value column="Name" original="Line">行</value>
 </row>
 <row id="127" trl="Y">
  <value column="Name" original="Simulation">模擬</value>
 </row>
 <row id="128" trl="Y">
  <value column="Name" original="Calculations">計算</value>
 </row>
 <row id="129" trl="Y">
  <value column="Name" original="Proxy">代理</value>
 </row>
 <row id="130" trl="Y">
  <value column="Name" original="Delivery">交付</value>
 </row>
 <row id="131" trl="Y">
  <value column="Name" original="Invoicing">發票</value>
 </row>
 <row id="132" trl="Y">
  <value column="Name" original="Only ..">僅 ..</value>
 </row>
 <row id="133" trl="Y">
  <value column="Name" original="Selection">選擇</value>
 </row>
 <row id="134" trl="Y">
  <value column="Name" original="Workflow">工作流</value>
 </row>
 <row id="135" trl="Y">
  <value column="Name" original="Access">存取</value>
 </row>
 <row id="50000" trl="Y">
  <value column="Name" original="Allow Info In Role">特殊權限</value>
 </row>
 <row id="50001" trl="Y">
  <value column="Name" original="Accounts">帳戶</value>
 </row>
 <row id="50002" trl="Y">
  <value column="Name" original="Setup">設定</value>
 </row>
 <row id="50003" trl="Y">
  <value column="Name" original="Dates">日期</value>
 </row>
 <row id="50004" trl="Y">
  <value column="Name" original="Revaluation Accounts">重估帳戶</value>
 </row>
 <row id="50005" trl="Y">
  <value column="Name" original="Contract">合同</value>
 </row>
 <row id="50006" trl="Y">
  <value column="Name" original="Options">選項</value>
 </row>
 <row id="50007" trl="Y">
  <value column="Name" original="General Ledger">總帳</value>
 </row>
 <row id="50008" trl="Y">
  <value column="Name" original="Machines">機器</value>
 </row>
 <row id="50009" trl="Y">
  <value column="Name" original="Database">資料庫</value>
 </row>
 <row id="50010" trl="Y">
  <value column="Name" original="Manufacturing Accounts">製造帳戶</value>
 </row>
 <row id="50012" trl="Y">
  <value column="Name" original="Logo">商標</value>
 </row>
 <row id="50016" trl="Y">
  <value column="Name" original="Location">位置</value>
 </row>
 <row id="50017" trl="Y">
  <value column="Name" original="Fixed Asset">固定資產</value>
 </row>
 <row id="50018" trl="Y">
  <value column="Name" original="Maintenance">維護</value>
 </row>
 <row id="50019" trl="Y">
  <value column="Name" original="Funding">資金</value>
 </row>
 <row id="50020" trl="Y">
  <value column="Name" original="Depreciation">折舊</value>
 </row>
 <row id="200000" trl="Y">
  <value column="Name" original="Swing Position">擺放位置</value>
 </row>
 <row id="200001" trl="Y">
  <value column="Name" original="Web Position">網站位置</value>
 </row>
 <row id="200003" trl="Y">
  <value column="Name" original="User Locking">用戶鎖定</value>
 </row>
 <row id="200004" trl="Y">
  <value column="Name" original="Overwritten From Column">從欄位覆寫</value>
 </row>
 <row id="200005" trl="Y">
  <value column="Name" original="Customer Information">客戶資訊</value>
 </row>
 <row id="200006" trl="Y">
  <value column="Name" original="Vendor Information">供應商資訊</value>
 </row>
 <row id="200007" trl="Y">
  <value column="Name" original="Sales Information">銷售資訊</value>
 </row>
 <row id="200008" trl="Y">
  <value column="Name" original="Document Preferences">文件偏好</value>
 </row>
 <row id="200009" trl="Y">
  <value column="Name" original="Charge Account">費用帳戶</value>
 </row>
 <row id="200010" trl="Y">
  <value column="Name" original="Business Partner Accounts">業務夥伴帳戶</value>
 </row>
 <row id="200011" trl="Y">
  <value column="Name" original="Product Accounts">產品帳戶</value>
 </row>
 <row id="200012" trl="Y">
  <value column="Name" original="Warehouse Accounts">倉庫帳戶</value>
 </row>
 <row id="200013" trl="Y">
  <value column="Name" original="Product Category Accounts">產品類別帳戶</value>
 </row>
 <row id="200014" trl="Y">
  <value column="Name" original="Business Partner Group Accounts">業務夥伴組帳戶</value>
 </row>
 <row id="200015" trl="Y">
  <value column="Name" original="Technical">技術</value>
 </row>
 <row id="200016" trl="Y">
  <value column="Name" original="Foreign Key">外部鍵</value>
 </row>
 <row id="200018" trl="Y">
  <value column="Name" original="Background Job">背景工作</value>
 </row>
 <row id="200022" trl="N">
  <value column="Name" original="Placeholders">占位符</value>
 </row>
 <row id="200024" trl="N">
  <value column="Name" original="FROM BANK ACCOUNT">來自銀行帳戶</value>
 </row>
 <row id="200025" trl="N">
  <value column="Name" original="TO BANK ACCOUNT">至銀行帳戶</value>
 </row>
 <row id="200027" trl="N">
  <value column="Name" original="EMail">電子郵件</value>
 </row>
 <row id="200028" trl="N">
  <value column="Name" original="TOTP">TOTP</value>
 </row>
 <row id="200029" trl="N">
  <value column="Name" original="Source">來源</value>
 </row>
 <row id="200030" trl="N">
  <value column="Name" original="Printing">列印</value>
 </row>
 <row id="200031" trl="N">
  <value column="Name" original="( None )">( 無 )</value>
 </row>
</idempiereTrl>
