<?xml version="1.0" encoding="UTF-8" standalone="no"?>
<!--iDempiere(r) Release 11_2022-12-24 -Smart Suite ERP, CRM and SCM- (c) 1999-2023 iDempiere(r); Implementation: iDempiere - Supported by iDempiere community--><!--<!DOCTYPE idempiereTrl PUBLIC "-//ComPiere, Inc.//DTD iDempiere Translation 1.0//EN" "http://www.idempiere.com/dtd/idempiereTrl.dtd">--><idempiereTrl language="zh_TW" table="AD_Field">
 <row id="1546" trl="Y">
  <value column="Name" original="Link Column">鏈接列</value>
  <value column="Description" original="Link Column for Multi-Parent tables">子表的外鍵列，將被鏈接到父列</value>
  <value column="Help" original="The Link Column indicates which column is the primary key for those situations where there is more than one parent.  Only define it, if the table has more than one parent column (e.g. AD_User_Roles).">子表有多個父表時，指定子表的列來鏈接兩表關系。比如“用戶組織權限”，使用用戶ID，組織ID這兩個外鍵，當掛在用戶父標簽下，鏈接列設置為用戶ID；當掛在組織父標簽下，鏈接列設置為組織ID。</value>
  <value column="Placeholder" original=""/>
 </row>
 <row id="2124" trl="N">
  <value column="Name" original="Language">Language</value>
  <value column="Description" original="Language for this Business Partner if Multi-Language enabled">Language for this Business Partner if Multi-Language enabled</value>
  <value column="Help" original="The Language identifies the language to use for display and formatting documents. It requires, that on Tenant level, Multi-Lingual documents are selected and that you have created/loaded the language.">The Language identifies the language to use for display and formatting documents. It requires, that on Client level, Multi-Lingual documents are selected and that you have created/loaded the language.</value>
  <value column="Placeholder" original=""/>
 </row>
 <row id="3665" trl="Y">
  <value column="Name" original="Start Node">起始節點</value>
  <value column="Description" original="Workflow Node, step or process">工作流節點、步驟或流程</value>
  <value column="Help" original="The Workflow Node indicates a unique step or process in a Workflow.">工作流節點代表了工作流中的一個獨特步驟或流程。</value>
  <value column="Placeholder" original=""/>
 </row>
 <row id="4055" trl="Y">
  <value column="Name" original="Tax Amount">信用卡稅額</value>
  <value column="Description" original="Tax Amount for Credit Card transaction">處理信用卡事務的稅金總額</value>
  <value column="Help" original="The Tax Amount displays the total tax amount. The tax amount is only used for credit card processing."/>
  <value column="Placeholder" original=""/>
 </row>
 <row id="4121" trl="Y">
  <value column="Name" original="Account Conversion Date">匯兌日期</value>
  <value column="Description" original="Accounting Conversion Date">貨幣匯兌日期，與記賬日期相同</value>
  <value column="Help" original="The Accounting Date indicates the date to be used on the General Ledger account entries generated from this document. It is also used for any currency conversion.&#10;The Accounting Date on Bank/Cash Statement Line is used for currency conversion and reporting purposes, the accounting is posted using the header date account.">記賬日期表示單據生成會計分錄的日期，同時也是貨幣匯兌的日期。銀行對賬明細的記賬日期被用作貨幣匯兌和報表。</value>
  <value column="Placeholder" original=""/>
 </row>
 <row id="4462" trl="Y">
  <value column="Name" original="Business Partner / Sales Rep">傭金夥伴</value>
  <value column="Description" original="Identifies a Business Partner (Sales Rep) receiving the Commission">收取傭金的供應商或者業務代表）</value>
  <value column="Help" original="The Business Partner should be a vendor and may be a Sales Representative"/>
  <value column="Placeholder" original=""/>
 </row>
 <row id="4725" trl="Y">
  <value column="Name" original="Acknowledge">知悉通知</value>
  <value column="Description" original="System Notice acknowledged">通知確認後，系統將隱藏通知</value>
  <value column="Help" original="The Acknowledged checkbox indicates if this notice does not need to be retained.">表示通知已經知曉，選擇後該通知將隱藏</value>
  <value column="Placeholder" original=""/>
 </row>
 <row id="5092" trl="N">
  <value column="Name" original="Driving Column">Driving Column</value>
  <value column="Description" original="Column which controls all tabs in the workbench">Column which controls all tabs in the workbench</value>
  <value column="Help" original=""/>
  <value column="Placeholder" original=""/>
 </row>
 <row id="5899" trl="Y">
  <value column="Name" original="System Name">系統名稱</value>
  <value column="Description" original="Name your iDempiere System installation, e.g. Joe Block, Inc.">命名iDempiere系統安裝， 例如：Joe Block， Inc</value>
  <value column="Help" original="The name if the system to differentiate support contracts">系統的名稱，用以區分支持合同。</value>
  <value column="Placeholder" original=""/>
 </row>
 <row id="6344" trl="N">
  <value column="Name" original="Attribute Set Instance">Attribute Set Instance</value>
  <value column="Description" original="Product Attribute Values">Product Attribute Values</value>
  <value column="Help" original="The values of the actual Product Attributes. Product Instance attributes are defined in the actual transactions.">The values of the actual Product Attributes. Product Instance attributes are defined in the actual transactions.</value>
  <value column="Placeholder" original=""/>
 </row>
 <row id="8985" trl="N">
  <value column="Name" original="Document No">Document No</value>
  <value column="Description" original="Document sequence number of the document">Document sequence number of the document</value>
  <value column="Help" original="The document number is usually automatically generated by the system and determined by the document type of the document. If the document is not saved, the preliminary number is displayed in &quot;&lt;&gt;&quot;.&#10;&#10;If the document type of your document has no automatic document sequence defined, the field is empty if you create a new document. This is for documents which usually have an external number (like vendor invoice).  If you leave the field empty, the system will generate a document number for you. The document sequence used for this fallback number is defined in the &quot;Maintain Sequence&quot; window with the name &quot;DocumentNo_&lt;TableName&gt;&quot;, where TableName is the actual name of the table (e.g. C_Order)." xml:space="preserve"><![CDATA[
   The document number is usually automatically generated by the system and determined by the document type of the document. If the document is not saved, the preliminary number is displayed in "<>".

If the document type of your document has no automatic document sequence defined, the field is empty if you create a new document. This is for documents which usually have an external number (like vendor invoice).  If you leave the field empty, the system will generate a document number for you. The document sequence used for this fallback number is defined in the "Maintain Sequence" window with the name "DocumentNo_<TableName>", where TableName is the actual name of the table (e.g. C_Order).
  ]]></value>
  <value column="Placeholder" original=""/>
 </row>
 <row id="9615" trl="Y">
  <value column="Name" original="Representative/Agent">銷售代表</value>
  <value column="Description" original="Sales Representative or Company Agent">銷售代表或銷售中介</value>
  <value column="Help" original="The Sales Representative indicates the Sales Rep for this Region.  Any Sales Rep must be a valid internal user.">表示該區域的銷售代表，任何銷售代表必須是一個有效的內部用戶。</value>
  <value column="Placeholder" original=""/>
 </row>
 <row id="10089" trl="Y">
  <value column="Name" original="Wait Time">Wait Time</value>
  <value column="Description" original="Time in minutes to wait (sleep)">Time in minutes to wait (sleep)</value>
  <value column="Help" original="Time in minutes to be suspended (sleep).  A value of -1 means to wait and execute after the commit of the workflow transaction."/>
  <value column="Placeholder" original=""/>
 </row>
 <row id="10097" trl="Y">
  <value column="Name" original="Value">條件值</value>
  <value column="Description" original="Condition Value">條件值</value>
  <value column="Help" original=""/>
  <value column="Placeholder" original=""/>
 </row>
 <row id="10769" trl="Y">
  <value column="Name" original="Schema Type">價格類型</value>
  <value column="Description" original="Type of trade schema calculation">價格表的模式類型</value>
  <value column="Help" original="Type of procedure used to calculate the trade schema percentage">價格表的模式類型</value>
  <value column="Placeholder" original=""/>
 </row>
 <row id="10886" trl="N">
  <value column="Name" original="Overwrite Project">Overwrite Project</value>
  <value column="Description" original="Overwrite the account segment Project with the value specified">Overwrite the account segment Project with the value specified</value>
  <value column="Help" original="If not overwritten, the value of the original account combination is used. If selected, but not specified, the segment is set to null.">If not overwritten, the value of the original account combination is used. If selected, but not specified, the segment is set to null.</value>
  <value column="Placeholder" original=""/>
 </row>
 <row id="11264" trl="N">
  <value column="Name" original="Column SQL">Column SQL</value>
  <value column="Description" original="Virtual Column (r/o)">Virtual Column (r/o)</value>
  <value column="Help" original="You can define virtual columns (not stored in the database). If defined, the Column name is the synonym of the SQL expression defined here. The SQL expression must be valid.&lt;br&gt;&#10;Example: &quot;Updated-Created&quot; would list the age of the entry in days.&lt;br&gt;&#10;It is not recommended to add complex queries in virtual columns as the impact on the database performance can be too expensive.&lt;br&gt;&#10;However, you can use the prefix @SQLFIND= for virtual columns that can be used for queries and reports, they have less impact on the database, but as a field they don't show values.&lt;br&gt;&#10;Additionally, the prefix @SQL= allows to define a virtual UI column, this is calculated on the fly and can use context variables in the query, virtual UI columns are shown in grid just on the current row, they are not searchable, and not shown in reports." xml:space="preserve"><![CDATA[
   You can define virtual columns (not stored in the database). If defined, the Column name is the synonym of the SQL expression defined here. The SQL expression must be valid.<br>
Example: "Updated-Created" would list the age of the entry in days.
You can also use the syntax @SQL= to define a UI virtual column - this is calculated on the fly and can use context variables in the query, virtual UI columns are not searchable, and they are not shown in reports.
  ]]></value>
  <value column="Placeholder" original=""/>
 </row>
 <row id="11799" trl="N">
  <value column="Name" original="Attribute Set Instance">Attribute Set Instance</value>
  <value column="Description" original="Product Attribute Values">Product Attribute Values</value>
  <value column="Help" original="The values of the actual Product Attributes. Product Instance attributes are defined in the actual transactions.">The values of the actual Product Attributes. Product Instance attributes are defined in the actual transactions.</value>
  <value column="Placeholder" original=""/>
 </row>
 <row id="12249" trl="Y">
  <value column="Name" original="Validation code">錯誤信息</value>
  <value column="Description" original="Validation Code">Validation Code</value>
  <value column="Help" original="The Validation Code displays the date, time and message of the error.&#10;&#10;You can add advanced SQL queries to your searches by filling this field with @SQL=[WHERE CLAUSE].&#10;Do not include the WHERE statement and use Fully qualified SQL statements. F.e:&#10;&#10;@SQL=C_Order.isActive='Y' AND SalesRep_ID=@AD_User_ID@ &#10;&#10;will filter orders by active and where the sales representative is the current user."/>
  <value column="Placeholder" original=""/>
 </row>
 <row id="12732" trl="N">
  <value column="Name" original="Language">Language</value>
  <value column="Description" original="Language for this Business Partner if Multi-Language enabled">Language for this Business Partner if Multi-Language enabled</value>
  <value column="Help" original="The Language identifies the language to use for display and formatting documents. It requires, that on Tenant level, Multi-Lingual documents are selected and that you have created/loaded the language.">The Language identifies the language to use for display and formatting documents. It requires, that on Client level, Multi-Lingual documents are selected and that you have created/loaded the language.</value>
  <value column="Placeholder" original=""/>
 </row>
 <row id="13179" trl="Y">
  <value column="Name" original="UserName">用戶名稱</value>
  <value column="Description" original="UserName / Login to use for login">用戶名 / 登錄名，用於登錄</value>
  <value column="Help" original="UserName / Login to use for the login&#10;Email of the responsible person for the system (registered in WebStore)">用戶名稱/登錄名，通常是電子郵件 (通過網上商店註冊)，用於登錄。</value>
  <value column="Placeholder" original=""/>
 </row>
 <row id="13424" trl="Y">
  <value column="Name" original="Mandatory Overwrite">必填覆蓋</value>
  <value column="Description" original="Overwrite Field Mandatory status">覆蓋欄位必填狀態</value>
  <value column="Help" original="The field must have a value for the record to be saved to the database.">欄位必須具有一個值，以便記錄被保存到數據庫中。</value>
  <value column="Placeholder" original=""/>
 </row>
 <row id="13425" trl="Y">
  <value column="Name" original="Reference Overwrite">引用覆蓋</value>
  <value column="Description" original="System Reference - optional Overwrite">系統引用 - 可選覆蓋</value>
  <value column="Help" original="You can overwrite the Display Type, but only use this if you aware of the consequences.">可覆蓋顯示類型，但僅當明確產生的效果時才去使用它。</value>
  <value column="Placeholder" original=""/>
 </row>
 <row id="13755" trl="Y">
  <value column="Name" original="Search Key">關鍵字</value>
  <value column="Description" original="Search key for the record in the format required">用戶的關鍵字，最大8位</value>
  <value column="Help" original="7 bit lower case alpha numeric - max length 8 - can be used for operating system names.">最大長度 8位，僅限字符和數字，用於系統內快速搜索的關鍵字。</value>
  <value column="Placeholder" original=""/>
 </row>
 <row id="50066" trl="Y">
  <value column="Name" original="AD_Package_Exp_ID">導出應用</value>
  <value column="Description" original="">導出應用</value>
  <value column="Help" original="">導出應用程序包的ID。</value>
  <value column="Placeholder" original=""/>
 </row>
 <row id="50067" trl="N">
  <value column="Name" original="Processed">Processed</value>
  <value column="Description" original=""/>
  <value column="Help" original=""/>
  <value column="Placeholder" original=""/>
 </row>
 <row id="50068" trl="N">
  <value column="Name" original="IsActive">IsActive</value>
  <value column="Description" original=""/>
  <value column="Help" original=""/>
  <value column="Placeholder" original=""/>
 </row>
 <row id="50069" trl="N">
  <value column="Name" original="Tenant">Client</value>
  <value column="Description" original=""/>
  <value column="Help" original=""/>
  <value column="Placeholder" original=""/>
 </row>
 <row id="50070" trl="N">
  <value column="Name" original="Organization">Organization</value>
  <value column="Description" original=""/>
  <value column="Help" original=""/>
  <value column="Placeholder" original=""/>
 </row>
 <row id="50071" trl="Y">
  <value column="Name" original="Name of Package">應用名稱</value>
  <value column="Description" original="Name of Package">應用程序包的名稱</value>
  <value column="Help" original=""/>
  <value column="Placeholder" original=""/>
 </row>
 <row id="50075" trl="Y">
  <value column="Name" original="Creation Directory">創建目錄</value>
  <value column="Description" original=""/>
  <value column="Help" original=""/>
  <value column="Placeholder" original=""/>
 </row>
 <row id="50076" trl="N">
  <value column="Name" original="Created By">Created By</value>
  <value column="Description" original="User who created the package">User who created the package</value>
  <value column="Help" original=""/>
  <value column="Placeholder" original=""/>
 </row>
 <row id="50077" trl="N">
  <value column="Name" original="Create Date">Create Date</value>
  <value column="Description" original="Date when Package was created">Date when Package was created</value>
  <value column="Help" original=""/>
  <value column="Placeholder" original=""/>
 </row>
 <row id="50080" trl="N">
  <value column="Name" original="Processed By">Processed By</value>
  <value column="Description" original="User who Processed the package">User who Processed the package</value>
  <value column="Help" original=""/>
  <value column="Placeholder" original=""/>
 </row>
 <row id="50081" trl="N">
  <value column="Name" original="Processed Date">Processed Date</value>
  <value column="Description" original="Date when the package was processed">Date when the package was processed</value>
  <value column="Help" original=""/>
  <value column="Placeholder" original=""/>
 </row>
 <row id="50082" trl="N">
  <value column="Name" original="Description of Package">Description of Package</value>
  <value column="Description" original=""/>
  <value column="Help" original=""/>
  <value column="Placeholder" original=""/>
 </row>
 <row id="50085" trl="Y">
  <value column="Name" original="Export Package">導出應用</value>
  <value column="Description" original="">該流程用於創建 （PackOut）應用程序導出包</value>
  <value column="Help" original="">下載已導出的結果，可匯入到其他iDempiere系統</value>
  <value column="Placeholder" original=""/>
 </row>
 <row id="50086" trl="Y">
  <value column="Name" original="AD_Package_Exp_Detail_ID">應用導出明細</value>
  <value column="Description" original="">應用程序包的導出明細</value>
  <value column="Help" original="">應用程序包的導出明細</value>
  <value column="Placeholder" original=""/>
 </row>
 <row id="50087" trl="Y">
  <value column="Name" original="Item Name">項名稱</value>
  <value column="Description" original=""/>
  <value column="Help" original=""/>
  <value column="Placeholder" original=""/>
 </row>
 <row id="50088" trl="Y">
  <value column="Name" original="Processing">流程處理中</value>
  <value column="Description" original=""/>
  <value column="Help" original=""/>
  <value column="Placeholder" original=""/>
 </row>
 <row id="50089" trl="N">
  <value column="Name" original="IsActive">IsActive</value>
  <value column="Description" original=""/>
  <value column="Help" original=""/>
  <value column="Placeholder" original=""/>
 </row>
 <row id="50090" trl="N">
  <value column="Name" original="Processed">Processed</value>
  <value column="Description" original=""/>
  <value column="Help" original=""/>
  <value column="Placeholder" original=""/>
 </row>
 <row id="50091" trl="Y">
  <value column="Name" original="Package Build ID">導出應用</value>
  <value column="Description" original="">導出應用</value>
  <value column="Help" original="">導出應用程序包的ID。</value>
  <value column="Placeholder" original=""/>
 </row>
 <row id="50092" trl="N">
  <value column="Name" original="Tenant">Client</value>
  <value column="Description" original=""/>
  <value column="Help" original=""/>
  <value column="Placeholder" original=""/>
 </row>
 <row id="50093" trl="N">
  <value column="Name" original="Organization">Organization</value>
  <value column="Description" original=""/>
  <value column="Help" original=""/>
  <value column="Placeholder" original=""/>
 </row>
 <row id="50096" trl="Y">
  <value column="Name" original="Type">對象類型</value>
  <value column="Description" original="">導出對象的類型</value>
  <value column="Help" original="">導出對象的類型</value>
  <value column="Placeholder" original=""/>
 </row>
 <row id="50097" trl="N">
  <value column="Name" original="Menu">Menu</value>
  <value column="Description" original=""/>
  <value column="Help" original=""/>
  <value column="Placeholder" original=""/>
 </row>
 <row id="50099" trl="Y">
  <value column="Name" original="Source File Directory">源文件目錄</value>
  <value column="Description" original="Current location of source file">源文件的當前目錄</value>
  <value column="Help" original=""/>
  <value column="Placeholder" original=""/>
 </row>
 <row id="50103" trl="N">
  <value column="Name" original="Table">Table</value>
  <value column="Description" original=""/>
  <value column="Help" original=""/>
  <value column="Placeholder" original=""/>
 </row>
 <row id="50108" trl="N">
  <value column="Name" original="Form">Form</value>
  <value column="Description" original=""/>
  <value column="Help" original=""/>
  <value column="Placeholder" original=""/>
 </row>
 <row id="50109" trl="N">
  <value column="Name" original="Process">Process</value>
  <value column="Description" original=""/>
  <value column="Help" original=""/>
  <value column="Placeholder" original=""/>
 </row>
 <row id="50110" trl="Y">
  <value column="Name" original="Workflow">工作流</value>
  <value column="Description" original=""/>
  <value column="Help" original=""/>
  <value column="Placeholder" original=""/>
 </row>
 <row id="50117" trl="N">
  <value column="Name" original="Notes">Notes</value>
  <value column="Description" original=""/>
  <value column="Help" original=""/>
  <value column="Placeholder" original=""/>
 </row>
 <row id="50166" trl="Y">
  <value column="Name" original="Configured Value">值</value>
  <value column="Description" original="Value for the configuration key">系統參數的值</value>
  <value column="Help" original="You can check the valid variables and values at http://wiki.idempiere.org/en/System_Configurator_(Window_ID-50006)">參考 http://wiki.idempiere.org/en/System_Configurator_(Window_ID-50006)</value>
  <value column="Placeholder" original=""/>
 </row>
 <row id="53360" trl="Y">
  <value column="Name" original="Value">條件值</value>
  <value column="Description" original="Condition Value">條件值</value>
  <value column="Help" original="">條件值</value>
  <value column="Placeholder" original=""/>
 </row>
 <row id="53375" trl="Y">
  <value column="Name" original="Resource">資源</value>
  <value column="Description" original="Resource">資源</value>
  <value column="Help" original="Select the manufacturing resource (previously defined) where you want to execute the operation. For the product costing, the Resource rate is taken from the cost element introduced in the window Product Costing.">在你想要執行的操作上選擇(先前定義的）生產資源；對於產品成本，資源率從產品成本窗口中定義成本元素獲得。</value>
  <value column="Placeholder" original=""/>
 </row>
 <row id="53378" trl="Y">
  <value column="Name" original="Business Partner ">委外夥伴</value>
  <value column="Description" original="Identifies a Business Partner to Subcontrating">委外加工的業務夥伴</value>
  <value column="Help" original="A Business Partner is anyone with whom you transact.  This can include Vendor, Customer, Employee or Salesperson">委外加工的業務夥伴</value>
  <value column="Placeholder" original=""/>
 </row>
 <row id="53380" trl="Y">
  <value column="Name" original="Valid from">有效起始</value>
  <value column="Description" original="Valid from including this date (first day)">有效起始日期， 包括當日 (第一天)</value>
  <value column="Help" original="The Valid From date indicates the first day of a date range.&#10;When you enter dates in the fields Valid From - To we give the the period of time where this operation will have to be considered for the elaboration of the product.">起始日期表示有效日期範圍的第一天
起始日期和終止日期表示在這段時間範圍內該BOM可以在生產線中使用。</value>
  <value column="Placeholder" original=""/>
 </row>
 <row id="53381" trl="Y">
  <value column="Name" original="Valid to">有效截止</value>
  <value column="Description" original="Valid to including this date (last day)">有效截止日期， 包括當日 (最後一天)</value>
  <value column="Help" original="The Valid To date indicates the last day of a date range&#10;When you enter dates in the fields Valid From - To we give the the period of time where this operation will have to be considered for the elaboration of the product.">起始日期表示有效日期範圍的第一天，
當你在欄位中輸入日期 起始日期 - 終止日期，我們指定在該時間範圍內合成產品。</value>
  <value column="Placeholder" original=""/>
 </row>
 <row id="53449" trl="Y">
  <value column="Name" original="Start Node">起始節點</value>
  <value column="Description" original="Workflow Node step or process">工作流節點、步驟或流程</value>
  <value column="Help" original="The Workflow Node indicates a unique step or process in a Workflow.">工作流節點代表了工作流中的一個獨特步驟或流程。</value>
  <value column="Placeholder" original=""/>
 </row>
 <row id="53480" trl="Y">
  <value column="Name" original="Copy BOM Lines From">覆制BOM</value>
  <value column="Description" original="Copy BOM Lines from an exising BOM">將已有的BOM明細覆制到目標BOM</value>
  <value column="Help" original="Copy BOM Lines from an exising BOM. The BOM being copied to, must not have any existing BOM Lines.">將已有的BOM明細覆制到目標BOM，目標BOM不能有任何明細數據。</value>
  <value column="Placeholder" original=""/>
 </row>
 <row id="53490" trl="Y">
  <value column="Name" original="Valid from">有效起始</value>
  <value column="Description" original="Valid from including this date (first day)">有效起始日期， 包括當日 (第一天)</value>
  <value column="Help" original="The Valid From date indicates the first day of a date range&#10;&#10;The Valid From and Valid To dates indicate the valid time period to use the BOM in a Manufacturing Order.">有效起始日期表示日期範圍的第一天

The Valid From and Valid To dates indicate the valid time period to use the BOM in a Manufacturing Order。</value>
  <value column="Placeholder" original=""/>
 </row>
 <row id="53512" trl="Y">
  <value column="Name" original="Warehouse">倉庫</value>
  <value column="Description" original="Storage Warehouse and Service Point">存儲倉庫或服務點</value>
  <value column="Help" original="The Warehouse identifies a unique Warehouse where products are stored or Services are provided.&#10;&#10;Warehouse place where you locate and control the products">倉庫標識存儲產品或提供服務的唯一倉庫

倉庫是你存放和控制產品的地方。</value>
  <value column="Placeholder" original=""/>
 </row>
 <row id="53513" trl="Y">
  <value column="Name" original="Resource">資源</value>
  <value column="Description" original="Resource">資源</value>
  <value column="Help" original="A manufacturing resource is a place where a product will be made.">制造資源是一個生產產品的地方。</value>
  <value column="Placeholder" original=""/>
 </row>
 <row id="53517" trl="Y">
  <value column="Name" original="BOM &amp; Formula">BOM</value>
  <value column="Description" original=""/>
  <value column="Help" original="The name BOM/Formula that you introduce in this window will be considered the default BOM to produce the product in this Organization-Plant-Warehouse. If you do not fill this field the default BOM &amp; Formula for the entity will be the BOM/Formula which has the same name as the product.">在該窗口中的BOM名稱將被視為本組織（工廠、倉庫）預設的BOM用來生產產品。如果你沒有填寫該欄位，系統將根據產品的名稱去獲得預設的BOM。</value>
  <value column="Placeholder" original=""/>
 </row>
 <row id="53518" trl="Y">
  <value column="Name" original="Workflow">工作流</value>
  <value column="Description" original="Workflow or combination of tasks">工作流或任務組合</value>
  <value column="Help" original="The Workflow field identifies a unique Workflow in the system.&#10;&#10;The Workflow you introduce in this window will be considered the default Workflow to produce the product in this Organization-Plant-Warehouse. If you do not fill this field the defaul Workflow for the entity will be the Workflow with the same name as the product.">工作流欄位標識系統中唯一的工作流

在這個窗口中你輸入工作流將被視為在這個組織（工廠/倉庫）生產該產品的預設工作流。如果你未填寫該欄位，系統將具有相同產品名稱的工作流設置為預設的工作流。</value>
  <value column="Placeholder" original=""/>
 </row>
 <row id="53523" trl="Y">
  <value column="Name" original="Promised Delivery Time">承諾交付時間</value>
  <value column="Description" original="Promised days between order and delivery">在訂單與交付之間的承諾天數</value>
  <value column="Help" original="The Promised Delivery Time indicates the number of days between the order date and the date that delivery was promised.&#10;&#10;You must enter the average number of days to receive the product in the warehouse since you approve the requisition or manufacturing order until you receive the material in the warehouse . If the product is bought you must register the calendar days required since you make the PO until you receive the material in the warehouse. If the product is manufactured in your plant you must register the number of working days since you release the MO until you receive the material in the warehouse." xml:space="preserve"><![CDATA[
   表示訂單日期與承諾交付日期之間的天數。必須輸入平均天數（從批準請購單或生產工單，直到倉庫收到材料）。<br />
如果需求產品是採購訂單完成，從你生成採購訂單到倉庫收料的天數。<br />
如果需求產品是生產工單完成，從你生成生產工單到產品入庫的天數。
  ]]></value>
  <value column="Placeholder" original=""/>
 </row>
 <row id="53533" trl="Y">
  <value column="Name" original="Working Time">工作時間</value>
  <value column="Description" original="Workflow Simulation Execution Time">工作流模擬執行時間</value>
  <value column="Help" original="Amount of time the performer of the activity needs to perform the task in Duration Unit&#10;&#10;In the field Working Time you enter the accumulated time (using the Promising Delivery Time) in the critical path of the BOM for this product. It is the required time to produce the product as if you would not have any component on hand.">活動執行者的時間值，即執行任務所需的時長 (以持續時間單位計)。
  
  在工作時間欄位裏輸入該產品用於物料清單關鍵路徑上的累計時間（用承諾交付時間計算）。這是生產該產品所必需花的時間，就好像你沒有任何配件一切從頭開始一樣。</value>
  <value column="Placeholder" original=""/>
 </row>
 <row id="53653" trl="Y">
  <value column="Name" original="Acknowledge">知悉通知</value>
  <value column="Description" original="System Notice acknowledged">通知確認後，系統將隱藏通知</value>
  <value column="Help" original="The Acknowledged checkbox indicates if this notice does not need to be retained."/>
  <value column="Placeholder" original=""/>
 </row>
 <row id="53742" trl="Y">
  <value column="Name" original="Accumulated Qty">合計數量</value>
  <value column="Description" original="Total Quantity">總數量</value>
  <value column="Help" original="Sum of the quantities&#10;&#10;This field shows the sum of the quantities of the product that have had movements.">移庫數量表示產品已被移動的數量。</value>
  <value column="Placeholder" original=""/>
 </row>
 <row id="53744" trl="Y">
  <value column="Name" original="Accumulated Amt">累計金額</value>
  <value column="Description" original="Total Amount">累計金額</value>
  <value column="Help" original="Sum of all amounts&#10;&#10;This field shows the sum of the amounts of the product that have had movements.">產品移動的的累計金額</value>
  <value column="Placeholder" original=""/>
 </row>
 <row id="53904" trl="N">
  <value column="Name" original="Version No">Version No</value>
  <value column="Description" original=""/>
  <value column="Help" original=""/>
  <value column="Placeholder" original=""/>
 </row>
 <row id="54035" trl="Y">
  <value column="Name" original="Ordered Quantity">訂單數量</value>
  <value column="Description" original="Ordered Quantity">訂單的訂購數量</value>
  <value column="Help" original="The Ordered Quantity indicates the quantity of a product that was ordered.">訂單的訂購數量</value>
  <value column="Placeholder" original=""/>
 </row>
 <row id="54038" trl="N">
  <value column="Name" original="Instance">Instance</value>
  <value column="Description" original="Product Attribute Set Instance">Product Attribute Set Instance</value>
  <value column="Help" original="The values of the actual Product Attribute Instances.  The product level attributes are defined on Product level.">The values of the actual Product Attribute Instances.  The product level attributes are defined on Product level.</value>
  <value column="Placeholder" original=""/>
 </row>
 <row id="54039" trl="Y">
  <value column="Name" original="Instance To">產品屬性</value>
  <value column="Description" original="Target Product Attribute Set Instance">目標產品的屬性集實例</value>
  <value column="Help" original=""/>
  <value column="Placeholder" original=""/>
 </row>
 <row id="54133" trl="N">
  <value column="Name" original="Resource/Plant">Resource/Plant</value>
  <value column="Description" original="Resource/Plant">Resource/Plant</value>
  <value column="Help" original=""/>
  <value column="Placeholder" original=""/>
 </row>
 <row id="54139" trl="Y">
  <value column="Name" original="Date Ordered">下單日期</value>
  <value column="Description" original="Date of Order">物品被訂購的日期</value>
  <value column="Help" original="Indicates the Date an item was ordered.&#10;Date Ordered is the date when the order was generated. If the MO is created manually the default date ordered is the system date. If the MO was generated by MRP the default date ordered is the day of the MRP process.">如果是手動創建的MO則下單日期是系統日期。如果MO是由MRP生成，那麽預設下單日期則產生於MRP流程。</value>
  <value column="Placeholder" original=""/>
 </row>
 <row id="54140" trl="Y">
  <value column="Name" original="Date Promised">承諾日期</value>
  <value column="Description" original="Date Order was promised">訂單被承諾的日期</value>
  <value column="Help" original="The Date Promised indicates the date, if any, that an Order was promised for.&#10;Date Promised Is the date we commit to give the order to the warehouse. If the MO is created manually the default date promised is the system date. If the MO was generated by MRP this date is filled automatically using its algorithm calculation.">訂單承諾交付的日期，承諾日期是承諾訂單到倉庫的日期，如果生產單是手動創建的，承諾日期預設為系統日期；如果生產單是的MRP生產的，承諾日期由MRP算法計算所得。</value>
  <value column="Placeholder" original=""/>
 </row>
 <row id="54145" trl="Y">
  <value column="Name" original="Date Start">開始日期</value>
  <value column="Description" original="Indicate the real date to start">訂單開始執行的日期</value>
  <value column="Help" original="It is the date when the first manufacturing order movement is reported, this movement can be an inventory or labor movement.">第一個生產訂單的人力或者庫存開始動作日期。</value>
  <value column="Placeholder" original=""/>
 </row>
 <row id="54146" trl="Y">
  <value column="Name" original="Finish Date">完成日期</value>
  <value column="Description" original="Finish or (planned) completion date">訂單完成（或計劃完成）日期</value>
  <value column="Help" original="The finish date is used to indicate when the project is expected to be completed or has been completed.&#10;&#10;To Manufacturing Order is the date when the last manufacturing order movement is reported, It is the closing order date.">對於銷售訂單，該日期是期望完成或者已經完成日期；對於生產訂單，該日期是最後一個人力或者庫存動作完成日期。</value>
  <value column="Placeholder" original=""/>
 </row>
 <row id="54196" trl="Y">
  <value column="Name" original="Company Agent">公司代理</value>
  <value column="Description" original="Company Agent">公司代理</value>
  <value column="Help" original="Company Agent to Distribution Order">公司代理 - 配送單。</value>
  <value column="Placeholder" original=""/>
 </row>
 <row id="54205" trl="Y">
  <value column="Name" original="Transit Warehouse">轉出倉庫</value>
  <value column="Description" original="Storage Warehouse and Service Point">存儲倉庫或服務點</value>
  <value column="Help" original="The Warehouse identifies a unique Warehouse where products are stored or Services are provided.">倉庫標識存儲產品或提供服務的唯一倉庫。</value>
  <value column="Placeholder" original=""/>
 </row>
 <row id="54381" trl="Y">
  <value column="Name" original="Target Warehouse">目的倉庫</value>
  <value column="Description" original="Target Warehouse and Service Point">存儲倉庫或服務點</value>
  <value column="Help" original="The Warehouse identifies a unique Warehouse where products are stored or Services are provided.">倉庫標識存儲產品或提供服務的唯一倉庫。</value>
  <value column="Placeholder" original=""/>
 </row>
 <row id="55187" trl="Y">
  <value column="Name" original="Create from a Window">導出格式產生器</value>
  <value column="Description" original="">基於一個窗口創建多個導出格式</value>
  <value column="Help" original=""/>
  <value column="Placeholder" original=""/>
 </row>
 <row id="56011" trl="N">
  <value column="Name" original="Current Period">Current Period</value>
  <value column="Description" original=""/>
  <value column="Help" original=""/>
  <value column="Placeholder" original=""/>
 </row>
 <row id="56190" trl="N">
  <value column="Name" original="Period 1 %">Period 1 %</value>
  <value column="Description" original=""/>
  <value column="Help" original=""/>
  <value column="Placeholder" original=""/>
 </row>
 <row id="56191" trl="N">
  <value column="Name" original="Period 2 %">Period 2 %</value>
  <value column="Description" original=""/>
  <value column="Help" original=""/>
  <value column="Placeholder" original=""/>
 </row>
 <row id="56192" trl="N">
  <value column="Name" original="Period 3 %">Period 3 %</value>
  <value column="Description" original=""/>
  <value column="Help" original=""/>
  <value column="Placeholder" original=""/>
 </row>
 <row id="56193" trl="N">
  <value column="Name" original="Period 4 %">Period 4 %</value>
  <value column="Description" original=""/>
  <value column="Help" original=""/>
  <value column="Placeholder" original=""/>
 </row>
 <row id="56194" trl="N">
  <value column="Name" original="Period 5 %">Period 5 %</value>
  <value column="Description" original=""/>
  <value column="Help" original=""/>
  <value column="Placeholder" original=""/>
 </row>
 <row id="56195" trl="N">
  <value column="Name" original="Period 6 %">Period 6 %</value>
  <value column="Description" original=""/>
  <value column="Help" original=""/>
  <value column="Placeholder" original=""/>
 </row>
 <row id="56196" trl="N">
  <value column="Name" original="Period 7 %">Period 7 %</value>
  <value column="Description" original=""/>
  <value column="Help" original=""/>
  <value column="Placeholder" original=""/>
 </row>
 <row id="56197" trl="N">
  <value column="Name" original="Period 8 %">Period 8 %</value>
  <value column="Description" original=""/>
  <value column="Help" original=""/>
  <value column="Placeholder" original=""/>
 </row>
 <row id="56198" trl="N">
  <value column="Name" original="Period 9 %">Period 9 %</value>
  <value column="Description" original=""/>
  <value column="Help" original=""/>
  <value column="Placeholder" original=""/>
 </row>
 <row id="56199" trl="N">
  <value column="Name" original="Period 10 %">Period 10 %</value>
  <value column="Description" original=""/>
  <value column="Help" original=""/>
  <value column="Placeholder" original=""/>
 </row>
 <row id="56200" trl="N">
  <value column="Name" original="Period 11 %">Period 11 %</value>
  <value column="Description" original=""/>
  <value column="Help" original=""/>
  <value column="Placeholder" original=""/>
 </row>
 <row id="56201" trl="N">
  <value column="Name" original="Period 12 %">Period 12 %</value>
  <value column="Description" original=""/>
  <value column="Help" original=""/>
  <value column="Placeholder" original=""/>
 </row>
 <row id="56202" trl="N">
  <value column="Name" original="Period 13 %">Period 13 %</value>
  <value column="Description" original=""/>
  <value column="Help" original=""/>
  <value column="Placeholder" original=""/>
 </row>
 <row id="56203" trl="N">
  <value column="Name" original="Period 14 %">Period 14 %</value>
  <value column="Description" original=""/>
  <value column="Help" original=""/>
  <value column="Placeholder" original=""/>
 </row>
 <row id="56207" trl="Y">
  <value column="Name" original="Script">腳本</value>
  <value column="Description" original=""/>
  <value column="Help" original=""/>
  <value column="Placeholder" original=""/>
 </row>
 <row id="56210" trl="N">
  <value column="Name" original="Name">Name</value>
  <value column="Description" original=""/>
  <value column="Help" original=""/>
  <value column="Placeholder" original=""/>
 </row>
 <row id="57331" trl="Y">
  <value column="Name" original="Acknowledge">知悉通知</value>
  <value column="Description" original="System Notice acknowledged">通知確認後，系統將隱藏通知</value>
  <value column="Help" original="The Acknowledged checkbox indicates if this notice does not need to be retained.">表示通知已經知曉，選擇後該通知將隱藏</value>
  <value column="Placeholder" original=""/>
 </row>
 <row id="57761" trl="Y">
  <value column="Name" original="Customer Return">客戶退貨</value>
  <value column="Description" original="Customer Return Document">客戶退貨單</value>
  <value column="Help" original="The Customer Return">客戶退貨單</value>
  <value column="Placeholder" original=""/>
 </row>
 <row id="57900" trl="Y">
  <value column="Name" original="Return to Vendor">供應商退貨</value>
  <value column="Description" original="Return to Vendor Document">供應商退貨單</value>
  <value column="Help" original="The Return to Vendor">供應商退貨單</value>
  <value column="Placeholder" original=""/>
 </row>
 <row id="57987" trl="Y">
  <value column="Name" original="Search Key">關鍵字</value>
  <value column="Description" original="Search key for the record in the format required">用戶的關鍵字，最大8位</value>
  <value column="Help" original="7 bit lower case alpha numeric - max length 8 - can be used for operating system names.">最大長度 8位，僅限字符和數字，用於系統內快速搜索的關鍵字。</value>
  <value column="Placeholder" original=""/>
 </row>
 <row id="58101" trl="Y">
  <value column="Name" original="Copy BOM Lines From">覆制BOM</value>
  <value column="Description" original="Copy BOM Lines from an exising BOM">將已有的BOM明細覆制到目標BOM</value>
  <value column="Help" original="Copy BOM Lines from an exising BOM. The BOM being copied to, must not have any existing BOM Lines.">將已有的BOM明細覆制到目標BOM，目標BOM不能有任何明細數據。</value>
  <value column="Placeholder" original=""/>
 </row>
 <row id="58114" trl="N">
  <value column="Name" original="Valid from">Valid from</value>
  <value column="Description" original="Valid from including this date (first day)">Valid from including this date (first day)</value>
  <value column="Help" original="The Valid From date indicates the first day of a date range&#10;&#10;The Valid From and Valid To dates indicate the valid time period to use the BOM in a Manufacturing Order.">The Valid From date indicates the first day of a date range

The Valid From and Valid To dates indicate the valid time period to use the BOM in a Manufacturing Order.</value>
  <value column="Placeholder" original=""/>
 </row>
 <row id="58771" trl="Y">
  <value column="Name" original="Import Product Planning Data">匯入產品計劃和預測</value>
  <value column="Description" original="">匯入產品計劃和預測</value>
  <value column="Help" original="">匯入和更新產品計劃和預測數據。</value>
  <value column="Placeholder" original=""/>
 </row>
 <row id="59028" trl="N">
  <value column="Name" original="Account Date">Account Date</value>
  <value column="Description" original="Accounting Date">Accounting Date</value>
  <value column="Help" original="The Accounting Date indicates the date to be used on the General Ledger account entries generated from this document. It is also used for any currency conversion.">The Accounting Date indicates the date to be used on the General Ledger account entries generated from this document. It is also used for any currency conversion.</value>
  <value column="Placeholder" original=""/>
 </row>
 <row id="59306" trl="Y">
  <value column="Name" original="ID">身份證</value>
  <value column="Description" original=""/>
  <value column="Help" original=""/>
  <value column="Placeholder" original=""/>
 </row>
 <row id="59449" trl="Y">
  <value column="Name" original="Import Inventory Move">匯入調撥單</value>
  <value column="Description" original=""/>
  <value column="Help" original=""/>
  <value column="Placeholder" original=""/>
 </row>
 <row id="59499" trl="Y">
  <value column="Name" original="Import Fixed Asset">匯入固定資產</value>
  <value column="Description" original=""/>
  <value column="Help" original=""/>
  <value column="Placeholder" original=""/>
 </row>
 <row id="59500" trl="N">
  <value column="Name" original="Processed">Processed</value>
  <value column="Description" original="The document has been processed">The document has been processed</value>
  <value column="Help" original="The Processed checkbox indicates that a document has been processed.">The Processed checkbox indicates that a document has been processed.</value>
  <value column="Placeholder" original=""/>
 </row>
 <row id="59822" trl="N">
  <value column="Name" original="Attribute Set Instance">Attribute Set Instance</value>
  <value column="Description" original="Product Attribute Values">Product Attribute Values</value>
  <value column="Help" original="The values of the actual Product Attributes. Product Instance attributes are defined in the actual transactions.">The values of the actual Product Attributes. Product Instance attributes are defined in the actual transactions.</value>
  <value column="Placeholder" original=""/>
 </row>
 <row id="60944" trl="Y">
  <value column="Name" original="Copy From Cash Plan">覆制現金計劃明細</value>
  <value column="Description" original="Copy From Another Cash Plan">從另一張現金計劃覆制明細</value>
  <value column="Help" original="Copy From Another Cash Plan">從另一張現金計劃覆制明細。</value>
  <value column="Placeholder" original=""/>
 </row>
 <row id="62015" trl="Y">
  <value column="Name" original="Create/Update Production lines">產生生產工單明細</value>
  <value column="Description" original="Process which will create production lines based on BOM, or recreate with an optional adjusted quantity">產生生產工單的所有明細記錄</value>
  <value column="Help" original="">產生生產工單的所有明細記錄。</value>
  <value column="Placeholder" original=""/>
 </row>
 <row id="62016" trl="Y">
  <value column="Name" original="Complete Production">完成生產</value>
  <value column="Description" original="Complete Production">完成生產</value>
  <value column="Help" original="Indication that this is complete">表明生產已經完成。</value>
  <value column="Placeholder" original=""/>
 </row>
 <row id="62236" trl="Y">
  <value column="Name" original="Sales Rep Name">銷售代表名稱</value>
  <value column="Description" original="Sales Representative Name">銷售代表名稱</value>
  <value column="Help" original="The name of the sales rep that this dashboard relates to.">儀表盤顯示的銷售代表名稱</value>
  <value column="Placeholder" original=""/>
 </row>
 <row id="62779" trl="N">
  <value column="Name" original="Language">Language</value>
  <value column="Description" original="Language for this Business Partner if Multi-Language enabled">Language for this Business Partner if Multi-Language enabled</value>
  <value column="Help" original="The Language identifies the language to use for display and formatting documents. It requires, that on Tenant level, Multi-Lingual documents are selected and that you have created/loaded the language.">The Language identifies the language to use for display and formatting documents. It requires, that on Client level, Multi-Lingual documents are selected and that you have created/loaded the language.</value>
  <value column="Placeholder" original=""/>
 </row>
 <row id="62991" trl="N">
  <value column="Name" original="Expected Close">Expected Close</value>
  <value column="Description" original="Expected Close">Expected Close</value>
  <value column="Help" original="The Expected Close Date indicates the expected last or final date">The Expected Close Date indicates the expected last or final date</value>
  <value column="Placeholder" original=""/>
 </row>
 <row id="200585" trl="Y">
  <value column="Name" original="Only Currency">僅該幣種</value>
  <value column="Description" original="Restrict accepting only this currency">限制為僅接受該幣種</value>
  <value column="Help" original="The Only Currency field indicates that this bank account accepts only the currency identified here.">"僅該幣種欄位" 表示 這個銀行賬戶只接受此處標明的幣種。</value>
  <value column="Placeholder" original=""/>
 </row>
 <row id="200723" trl="Y">
  <value column="Name" original="Void It">撤銷交易</value>
  <value column="Description" original="">撤銷在線支付交易</value>
  <value column="Help" original=""/>
  <value column="Placeholder" original=""/>
 </row>
 <row id="200816" trl="Y">
  <value column="Name" original="Only Currency">僅該幣種</value>
  <value column="Description" original="Restrict accepting only this currency">限制為僅接受該幣種</value>
  <value column="Help" original="The Only Currency field indicates that this bank account accepts only the currency identified here.">僅該幣種欄位表示了這個銀行賬戶僅接受此處標明的幣種。</value>
  <value column="Placeholder" original=""/>
 </row>
 <row id="200858" trl="Y">
  <value column="Name" original="Reference Overwrite">引用覆蓋</value>
  <value column="Description" original="System Reference - optional Overwrite">系統引用 - 可選覆蓋</value>
  <value column="Help" original="You can overwrite the Display Type, but only use this if you aware of the consequences.">可覆蓋顯示類型，但僅當明確產生的效果時才去使用它。</value>
  <value column="Placeholder" original=""/>
 </row>
 <row id="200948" trl="Y">
  <value column="Name" original="Attachment Store">附件存儲</value>
  <value column="Description" original="">設置附件的存儲服務提供者</value>
  <value column="Help" original="">設置附件的存儲服務提供者</value>
  <value column="Placeholder" original=""/>
 </row>
 <row id="201245" trl="Y">
  <value column="Name" original="Ship Date (For FedEx only)">取貨日期</value>
  <value column="Description" original="Shipment Date/Time">取貨日期(FedEx專用)</value>
  <value column="Help" original="Actual Date/Time of Shipment (pick up)"/>
  <value column="Placeholder" original=""/>
 </row>
 <row id="201255" trl="N">
  <value column="Name" original="Duties Shipper Account (For FedEx only)">Duties Shipper Account (For FedEx only)</value>
  <value column="Description" original=""/>
  <value column="Help" original=""/>
  <value column="Placeholder" original=""/>
 </row>
 <row id="201256" trl="Y">
  <value column="Name" original="Partner Location (For UPS only)">收貨地址</value>
  <value column="Description" original="Identifies the (ship to) address for this Business Partner">標識該包裹的的收貨地址</value>
  <value column="Help" original="The Partner address indicates the location of a Business Partner"/>
  <value column="Placeholder" original=""/>
 </row>
 <row id="201262" trl="N">
  <value column="Name" original="Future Day Shipment (For FedEx only)">Future Day Shipment (For FedEx only)</value>
  <value column="Description" original=""/>
  <value column="Help" original=""/>
  <value column="Placeholder" original=""/>
 </row>
 <row id="201264" trl="N">
  <value column="Name" original="Home Delivery Premium Type (For FedEx only)">Home Delivery Premium Type (For FedEx only)</value>
  <value column="Description" original=""/>
  <value column="Help" original=""/>
  <value column="Placeholder" original=""/>
 </row>
 <row id="201265" trl="Y">
  <value column="Name" original="Phone Number (For FedEx only)">上門服務電話</value>
  <value column="Description" original="">上門服務電話</value>
  <value column="Help" original=""/>
  <value column="Placeholder" original=""/>
 </row>
 <row id="201266" trl="Y">
  <value column="Name" original="Date (For FedEx only)">上門服務日期</value>
  <value column="Description" original="">上門服務日期</value>
  <value column="Help" original=""/>
  <value column="Placeholder" original=""/>
 </row>
 <row id="201267" trl="N">
  <value column="Name" original="Hazardous Materials (For FedEx only)">Hazardous Materials (For FedEx only)</value>
  <value column="Description" original=""/>
  <value column="Help" original=""/>
  <value column="Placeholder" original=""/>
 </row>
 <row id="201268" trl="N">
  <value column="Name" original="Dot Hazard Class or Division (For FedEx only)">Dot Hazard Class or Division (For FedEx only)</value>
  <value column="Description" original=""/>
  <value column="Help" original=""/>
  <value column="Placeholder" original=""/>
 </row>
 <row id="201269" trl="N">
  <value column="Name" original="Cargo Aircraft Only (For FedEx only)">Cargo Aircraft Only (For FedEx only)</value>
  <value column="Description" original=""/>
  <value column="Help" original=""/>
  <value column="Placeholder" original=""/>
 </row>
 <row id="201270" trl="N">
  <value column="Name" original="Accessible (For FedEx only)">Accessible (For FedEx only)</value>
  <value column="Description" original=""/>
  <value column="Help" original=""/>
  <value column="Placeholder" original=""/>
 </row>
 <row id="201271" trl="N">
  <value column="Name" original="Dry Ice (For FedEx only)">Dry Ice (For FedEx only)</value>
  <value column="Description" original=""/>
  <value column="Help" original=""/>
  <value column="Placeholder" original=""/>
 </row>
 <row id="201272" trl="N">
  <value column="Name" original="Dry Ice Weight (For FedEx only)">Dry Ice Weight (For FedEx only)</value>
  <value column="Description" original=""/>
  <value column="Help" original=""/>
  <value column="Placeholder" original=""/>
 </row>
 <row id="201273" trl="N">
  <value column="Name" original="Hold At Location (For FedEx only)">Hold At Location (For FedEx only)</value>
  <value column="Description" original=""/>
  <value column="Help" original=""/>
  <value column="Placeholder" original=""/>
 </row>
 <row id="201274" trl="N">
  <value column="Name" original="Hold Address (For FedEx only)">Hold Address (For FedEx only)</value>
  <value column="Description" original=""/>
  <value column="Help" original=""/>
  <value column="Placeholder" original=""/>
 </row>
 <row id="201354" trl="N">
  <value column="Name" original="Added Handling (For UPS only)">Added Handling (For UPS only)</value>
  <value column="Description" original=""/>
  <value column="Help" original=""/>
  <value column="Placeholder" original=""/>
 </row>
 <row id="201355" trl="N">
  <value column="Name" original="Delivery Confirmation Type (For FedEx only)">Delivery Confirmation Type (For FedEx only)</value>
  <value column="Description" original=""/>
  <value column="Help" original=""/>
  <value column="Placeholder" original=""/>
 </row>
 <row id="201358" trl="N">
  <value column="Name" original="Verbal Confirmation (For UPS only)">Verbal Confirmation (For UPS only)</value>
  <value column="Description" original=""/>
  <value column="Help" original=""/>
  <value column="Placeholder" original=""/>
 </row>
 <row id="202210" trl="Y">
  <value column="Name" original="Index Validate">索引驗證</value>
  <value column="Description" original=""/>
  <value column="Help" original=""/>
  <value column="Placeholder" original=""/>
 </row>
 <row id="202234" trl="Y">
  <value column="Name" original="Sql WHERE">SQL WHERE 子句</value>
  <value column="Description" original="Fully qualified SQL WHERE clause">完全驗證過的 WHERE 子句</value>
  <value column="Help" original="The Where Clause indicates the SQL WHERE clause to use for record selection. It must include the WHERE itself. Fully qualified means &quot;tablename.columnname&quot;.">完全驗證過的 WHERE 子句</value>
  <value column="Placeholder" original=""/>
 </row>
 <row id="202235" trl="Y">
  <value column="Name" original="Sql FROM">SQL FROM 子句</value>
  <value column="Description" original="SQL FROM clause">SQL FROM 語句</value>
  <value column="Help" original="The Select Clause indicates the SQL FROM clause to use for selecting the record for a measure calculation. It can have JOIN clauses. It must include the FROM itself."/>
  <value column="Placeholder" original=""/>
 </row>
 <row id="202252" trl="Y">
  <value column="Name" original="View Validate">視圖驗證</value>
  <value column="Description" original=""/>
  <value column="Help" original=""/>
  <value column="Placeholder" original=""/>
 </row>
 <row id="202325" trl="Y">
  <value column="Name" original="Cost Adjustment">成本調整單</value>
  <value column="Description" original="Inventory Cost Adjustment">成本調整單</value>
  <value column="Help" original="The Inventory Cost Adjustment document allows user to enter cost adjustment for products">該功能可以對產品進庫存成本調整。</value>
  <value column="Placeholder" original=""/>
 </row>
 <row id="202443" trl="N">
  <value column="Name" original="Purchase Order Line">Purchase Order Line</value>
  <value column="Description" original="Purchase Order Line">Purchase Order Line</value>
  <value column="Help" original="The Purchase Order Line is a unique identifier for a line in an order.">The Purchase Order Line is a unique identifier for a line in an order.</value>
  <value column="Placeholder" original=""/>
 </row>
 <row id="203108" trl="Y">
  <value column="Name" original="ViewID Column">視圖列</value>
  <value column="Description" original="Name of unique column in a view. value of this column will save to t_selection table">視圖中的列名，列值將保存到 t_selection 表</value>
  <value column="Help" original="Column to resolve issue in https://idempiere.atlassian.net/browse/IDEMPIERE-1970">參考 https://idempiere.atlassian.net/browse/IDEMPIERE-1970。</value>
  <value column="Placeholder" original=""/>
 </row>
 <row id="203325" trl="N">
  <value column="Name" original="Country Group">Country Group</value>
  <value column="Description" original=""/>
  <value column="Help" original=""/>
  <value column="Placeholder" original=""/>
 </row>
 <row id="203326" trl="N">
  <value column="Name" original="To">To</value>
  <value column="Description" original=""/>
  <value column="Help" original=""/>
  <value column="Placeholder" original=""/>
 </row>
 <row id="205154" trl="N">
  <value column="Name" original="Tenant">Client</value>
  <value column="Description" original=""/>
  <value column="Help" original=""/>
  <value column="Placeholder" original=""/>
 </row>
 <row id="205174" trl="N">
  <value column="Name" original="Tenant">Client</value>
  <value column="Description" original=""/>
  <value column="Help" original=""/>
  <value column="Placeholder" original=""/>
 </row>
 <row id="205705" trl="N">
  <value column="Name" original="To Business Partner ">To Business Partner </value>
  <value column="Description" original="Identifies a Business Partner">Identifies a Business Partner</value>
  <value column="Help" original="A Business Partner is anyone with whom you transact.  This can include Vendor, Customer, Employee or Salesperson">A Business Partner is anyone with whom you transact.  This can include Vendor, Customer, Employee or Salesperson</value>
  <value column="Placeholder" original=""/>
 </row>
 <row id="205898" trl="N">
  <value column="Name" original="Display Search Key">Display Search Key</value>
  <value column="Description" original="Displays Search Key in the tree">Displays Search Key in the tree</value>
  <value column="Help" original="The Display Search Key checkbox indicates if the Search Key will display in the tree before the Name">The Display Search Key checkbox indicates if the Search Key will display in the tree before the Name</value>
  <value column="Placeholder" original=""/>
 </row>
 <row id="206305" trl="N">
  <value column="Name" original="Validation code">Validation code</value>
  <value column="Description" original="Validation Code">Validation Code</value>
  <value column="Help" original="The Validation Code displays the date, time and message of the error.&#10;&#10;You can add advanced SQL queries to your searches by filling this field with @SQL=[WHERE CLAUSE].&#10;Do not include the WHERE statement and use Fully qualified SQL statements. F.e:&#10;&#10;@SQL=C_Order.isActive='Y' AND SalesRep_ID=@AD_User_ID@ &#10;&#10;will filter orders by active and where the sales representative is the current user.">The Validation Code displays the date, time and message of the error.

You can add advanced SQL queries to your searches by filling this field with @SQL=[WHERE CLAUSE].
Do not include the WHERE statement and use Fully qualified SQL statements. F.e:

@SQL=C_Order.isActive='Y' AND SalesRep_ID=@AD_User_ID@ 

will filter orders by active and where the sales representative is the current user.</value>
  <value column="Placeholder" original=""/>
 </row>
 <row id="206515" trl="N">
  <value column="Name" original="Invoice Contact">Invoice Contact</value>
  <value column="Description" original="Business Partner Invoice/Bill Contact">Business Partner Invoice/Bill Contact</value>
  <value column="Help" original="If the Invoice Contact is selected, the contact is used to send notifications about invoices to a customer or a vendor.">If the Invoice Contact is selected, the contact is used to send notifications about invoices to a customer or a vendor.</value>
  <value column="Placeholder" original=""/>
 </row>
 <row id="206516" trl="N">
  <value column="Name" original="Ship Contact">Ship Contact</value>
  <value column="Description" original="Business Partner Shipment Contact">Business Partner Shipment Contact</value>
  <value column="Help" original="If the Ship Contact is selected, the contact is used for notification.">If the Ship Contact is selected, the contact is used for notification.</value>
  <value column="Placeholder" original=""/>
 </row>
 <row id="206517" trl="N">
  <value column="Name" original="Ship Contact">Ship Contact</value>
  <value column="Description" original="Business Partner Shipment Contact">Business Partner Shipment Contact</value>
  <value column="Help" original="If the Ship Contact is selected, the contact is used for notification.">If the Ship Contact is selected, the contact is used for notification.</value>
  <value column="Placeholder" original=""/>
 </row>
 <row id="206518" trl="N">
  <value column="Name" original="Invoice Contact">Invoice Contact</value>
  <value column="Description" original="Business Partner Invoice/Bill Contact">Business Partner Invoice/Bill Contact</value>
  <value column="Help" original="If the Invoice Contact is selected, the contact is used to send notifications about invoices to a customer or a vendor.">If the Invoice Contact is selected, the contact is used to send notifications about invoices to a customer or a vendor.</value>
  <value column="Placeholder" original=""/>
 </row>
 <row id="207695" trl="N">
  <value column="Name" original="DB Table Name">DB Table Name</value>
  <value column="Description" original=""/>
  <value column="Help" original="You can use % or a comma separated list of table names (case sensitive)&#10;Using '@TableName@' will change to current table when executing the process">You can use % or a comma separated list of table names (case sensitive)
Using '@TableName@' will change to current table when executing the process</value>
  <value column="Placeholder" original=""/>
 </row>
</idempiereTrl>
