<?xml version="1.0" encoding="UTF-8" standalone="no"?>
<!--iDempiere(r) Release 11_2022-12-24 -Smart Suite ERP, CRM and SCM- (c) 1999-2023 iDempiere(r); Implementation: iDempiere - Supported by iDempiere community--><!--<!DOCTYPE idempiereTrl PUBLIC "-//ComPiere, Inc.//DTD iDempiere Translation 1.0//EN" "http://www.idempiere.com/dtd/idempiereTrl.dtd">--><idempiereTrl language="zh_TW" table="AD_InfoColumn">
 <row id="200005" trl="Y">
  <value column="Name" original="Vendor">供應商</value>
  <value column="Description" original="Current Vendor">當前供應商</value>
  <value column="Help" original=""/>
  <value column="Placeholder" original=""/>
  <value column="Placeholder2" original=""/>
 </row>
 <row id="200006" trl="N">
  <value column="Name" original="D">D</value>
  <value column="Description" original="This product is no longer available">This product is no longer available</value>
  <value column="Help" original="The Discontinued check box indicates a product that has been discontinued.">The Discontinued check box indicates a product that has been discontinued.</value>
  <value column="Placeholder" original=""/>
  <value column="Placeholder2" original=""/>
 </row>
 <row id="200155" trl="N">
  <value column="Name" original="Role Name">Role Name</value>
  <value column="Description" original=""/>
  <value column="Help" original=""/>
  <value column="Placeholder" original=""/>
  <value column="Placeholder2" original=""/>
 </row>
</idempiereTrl>
