<?xml version="1.0" encoding="UTF-8" standalone="no"?>
<!--iDempiere(r) Release 11_2022-12-24 -Smart Suite ERP, CRM and SCM- (c) 1999-2023 iDempiere(r); Implementation: iDempiere - Supported by iDempiere community--><!--<!DOCTYPE idempiereTrl PUBLIC "-//ComPiere, Inc.//DTD iDempiere Translation 1.0//EN" "http://www.idempiere.com/dtd/idempiereTrl.dtd">--><idempiereTrl language="zh_TW" table="AD_Menu">
 <row id="100" trl="Y">
  <value column="Name" original="Invoice Inquiry">發票查詢</value>
  <value column="Description" original=""/>
 </row>
 <row id="153" trl="Y">
  <value column="Name" original="Application Dictionary">應用字典</value>
  <value column="Description" original="Maintain Application Dictionary">維護應用字典</value>
 </row>
 <row id="155" trl="Y">
  <value column="Name" original="General Rules">總體規則</value>
  <value column="Description" original=""/>
 </row>
 <row id="156" trl="Y">
  <value column="Name" original="Tenant Rules">實體規則</value>
  <value column="Description" original="Maintain Tenant Rules">維護實體級規則</value>
 </row>
 <row id="157" trl="Y">
  <value column="Name" original="Data">數據維護</value>
  <value column="Description" original="Maintain Data">維護數據</value>
 </row>
 <row id="158" trl="Y">
  <value column="Name" original="Performance Measurement">績效規則</value>
  <value column="Description" original=""/>
 </row>
 <row id="159" trl="Y">
  <value column="Name" original="Utility">實用工具</value>
  <value column="Description" original=""/>
 </row>
 <row id="160" trl="Y">
  <value column="Name" original="Project Management">項目管理</value>
  <value column="Description" original=""/>
 </row>
 <row id="161" trl="Y">
  <value column="Name" original="System Rules">系統規則</value>
  <value column="Description" original="General System Rules">總體系統規則</value>
 </row>
 <row id="163" trl="Y">
  <value column="Name" original="Data Import">數據匯入</value>
  <value column="Description" original=""/>
 </row>
 <row id="164" trl="Y">
  <value column="Name" original="Accounting Rules">會計規則</value>
  <value column="Description" original=""/>
 </row>
 <row id="165" trl="Y">
  <value column="Name" original="Business Partner Rules">夥伴規則</value>
  <value column="Description" original=""/>
 </row>
 <row id="166" trl="Y">
  <value column="Name" original="Quote-to-Invoice">銷售管理</value>
  <value column="Description" original=""/>
 </row>
 <row id="167" trl="Y">
  <value column="Name" original="Material Management Rules">產品規則</value>
  <value column="Description" original=""/>
 </row>
 <row id="175" trl="Y">
  <value column="Name" original="Organization Rules">組織規則</value>
  <value column="Description" original=""/>
 </row>
 <row id="183" trl="Y">
  <value column="Name" original="Material Management">產品管理</value>
  <value column="Description" original=""/>
 </row>
 <row id="203" trl="Y">
  <value column="Name" original="Requisition-to-Invoice">採購管理</value>
  <value column="Description" original=""/>
 </row>
 <row id="218" trl="Y">
  <value column="Name" original="System Admin">系統管理</value>
  <value column="Description" original=""/>
 </row>
 <row id="236" trl="Y">
  <value column="Name" original="Open Items">收付款管理</value>
  <value column="Description" original=""/>
 </row>
 <row id="263" trl="Y">
  <value column="Name" original="Partner Relations">夥伴管理</value>
  <value column="Description" original="Customer Relations and Partner Management">客戶關系與夥伴管理</value>
 </row>
 <row id="271" trl="Y">
  <value column="Name" original="Service">服務管理</value>
  <value column="Description" original="Service Management">服務管理</value>
 </row>
 <row id="272" trl="Y">
  <value column="Name" original="Sales and Marketing">銷售規則</value>
  <value column="Description" original=""/>
 </row>
 <row id="278" trl="Y">
  <value column="Name" original="Performance Analysis">績效管理</value>
  <value column="Description" original=""/>
 </row>
 <row id="280" trl="Y">
  <value column="Name" original="Financial Reporting">財務報表</value>
  <value column="Description" original=""/>
 </row>
 <row id="326" trl="Y">
  <value column="Name" original="Printing">印表機</value>
  <value column="Description" original="Print Definition">印表機設定</value>
 </row>
 <row id="345" trl="Y">
  <value column="Name" original="Assets">資產管理</value>
  <value column="Description" original=""/>
 </row>
 <row id="357" trl="Y">
  <value column="Name" original="Product Attributes">產品屬性</value>
  <value column="Description" original=""/>
 </row>
 <row id="367" trl="Y">
  <value column="Name" original="Security">安全權限</value>
  <value column="Description" original="">設置安全策略和角色的訪問權限</value>
 </row>
 <row id="456" trl="Y">
  <value column="Name" original="Server">服務引擎</value>
  <value column="Description" original="iDempiere Server Maintenance">維護服務處理器引擎</value>
 </row>
 <row id="457" trl="Y">
  <value column="Name" original="Sales Orders">銷售訂單</value>
  <value column="Description" original=""/>
 </row>
 <row id="458" trl="Y">
  <value column="Name" original="Sales Invoices">銷售發票</value>
  <value column="Description" original=""/>
 </row>
 <row id="459" trl="Y">
  <value column="Name" original="Shipments">發貨業務</value>
  <value column="Description" original=""/>
 </row>
 <row id="501" trl="Y">
  <value column="Name" original="Workflow">工作流程</value>
  <value column="Description" original="iDempiere Workflow">iDempiere 工作流程</value>
 </row>
 <row id="522" trl="Y">
  <value column="Name" original="Costing">成本核算</value>
  <value column="Description" original="">產品的成本核算</value>
 </row>
 <row id="528" trl="Y">
  <value column="Name" original="Request">請求管理</value>
  <value column="Description" original=""/>
 </row>
 <row id="566" trl="Y">
  <value column="Name" original="Collaboration">協同辦公</value>
  <value column="Description" original="Collaboration and Content Management">協作和內容管理</value>
 </row>
 <row id="50001" trl="Y">
  <value column="Name" original="Application Packaging">應用市場</value>
  <value column="Description" original="Import and export packaging">匯入或導出應用程序包</value>
 </row>
 <row id="53098" trl="Y">
  <value column="Name" original="Replication Data">數據覆制</value>
  <value column="Description" original=""/>
 </row>
 <row id="53133" trl="Y">
  <value column="Name" original="Customer Service">客戶服務</value>
  <value column="Description" original="Customer Related Assets">客戶資產</value>
 </row>
 <row id="53139" trl="Y">
  <value column="Name" original="Asset Transactions ">資產事務</value>
  <value column="Description" original="Asset Transactions (Addition, Disposal, Split &amp; Transfer)">資產事務(增加、處置、分割和轉讓)</value>
 </row>
 <row id="53149" trl="Y">
  <value column="Name" original="Depreciation Processing">折舊處理</value>
  <value column="Description" original="Applications to Process Fixed Assets to the GL">應用程序-處理固定資產至總賬</value>
 </row>
 <row id="53155" trl="Y">
  <value column="Name" original="Reporting">報表</value>
  <value column="Description" original="Reporting for fixed assets">固定資產報表</value>
 </row>
 <row id="53171" trl="Y">
  <value column="Name" original="Depreciation Setup">折舊規則</value>
  <value column="Description" original="Applications to setup and maintain depreciation">用於設置和維護折舊的程序</value>
 </row>
 <row id="53242" trl="Y">
  <value column="Name" original="Returns">退貨管理</value>
  <value column="Description" original=""/>
 </row>
 <row id="53247" trl="Y">
  <value column="Name" original="EDI">EDI 日志</value>
  <value column="Description" original=""/>
 </row>
 <row id="53296" trl="Y">
  <value column="Name" original="Manufacturing">生産管理</value>
  <value column="Description" original="">簡單的生産管理</value>
 </row>
 <row id="53363" trl="Y">
  <value column="Name" original="Sales Management">客戶關系</value>
  <value column="Description" original=""/>
 </row>
 <row id="200095" trl="Y">
  <value column="Name" original="Import Template">匯入CSV模板</value>
  <value column="Description" original="">匯入CSV文件頭定義</value>
 </row>
 <row id="200178" trl="N">
  <value column="Name" original="External Authorization">External Authorization</value>
  <value column="Description" original=""/>
 </row>
 <row id="200184" trl="N">
  <value column="Name" original="Multi Factor Authentication">Multi Factor Authentication</value>
  <value column="Description" original=""/>
 </row>
</idempiereTrl>
