<?xml version="1.0" encoding="UTF-8" standalone="no"?>
<!--iDempiere(r) Release 11_2022-12-24 -Smart Suite ERP, CRM and SCM- (c) 1999-2023 iDempiere(r); Implementation: iDempiere - Supported by iDempiere community--><!--<!DOCTYPE idempiereTrl PUBLIC "-//ComPiere, Inc.//DTD iDempiere Translation 1.0//EN" "http://www.idempiere.com/dtd/idempiereTrl.dtd">--><idempiereTrl language="zh_TW" table="AD_PrintColor">
 <row id="100" trl="Y">
  <value column="Name" original="Black">黑色</value>
 </row>
 <row id="102" trl="Y">
  <value column="Name" original="Red">紅色</value>
 </row>
 <row id="103" trl="Y">
  <value column="Name" original="Green">綠色</value>
 </row>
 <row id="104" trl="Y">
  <value column="Name" original="Blue">藍色</value>
 </row>
 <row id="105" trl="Y">
  <value column="Name" original="Gray dark">深灰色</value>
 </row>
 <row id="106" trl="Y">
  <value column="Name" original="Gray">灰色</value>
 </row>
 <row id="107" trl="Y">
  <value column="Name" original="Gray light">淺灰色</value>
 </row>
 <row id="108" trl="Y">
  <value column="Name" original="White">白色</value>
 </row>
 <row id="109" trl="Y">
  <value column="Name" original="Cyan">青色</value>
 </row>
 <row id="110" trl="Y">
  <value column="Name" original="Magenta">洋紅色</value>
 </row>
 <row id="111" trl="Y">
  <value column="Name" original="Orange">橘黃色</value>
 </row>
 <row id="112" trl="Y">
  <value column="Name" original="Pink">粉色</value>
 </row>
 <row id="113" trl="Y">
  <value column="Name" original="Yellow">黃色</value>
 </row>
 <row id="114" trl="Y">
  <value column="Name" original="Blue dark">深藍色</value>
 </row>
 <row id="115" trl="Y">
  <value column="Name" original="Gray white">灰白色</value>
 </row>
 <row id="116" trl="Y">
  <value column="Name" original="Green dark">深綠色</value>
 </row>
 <row id="117" trl="Y">
  <value column="Name" original="Green black">墨綠色</value>
 </row>
 <row id="119" trl="Y">
  <value column="Name" original="Blue black">藍黑色</value>
 </row>
 <row id="120" trl="Y">
  <value column="Name" original="Brown">棕色</value>
 </row>
 <row id="121" trl="Y">
  <value column="Name" original="Brown dark">深棕色</value>
 </row>
 <row id="200000" trl="N">
  <value column="Name" original="Metabase Red">Metabase Red</value>
 </row>
 <row id="200001" trl="N">
  <value column="Name" original="Metabase Yellow">Metabase Yellow</value>
 </row>
 <row id="200002" trl="N">
  <value column="Name" original="Metabase Green">Metabase Green</value>
 </row>
</idempiereTrl>
