<?xml version="1.0" encoding="UTF-8" standalone="no"?>
<!--iDempiere(r) Release 11_2022-12-24 -Smart Suite ERP, CRM and SCM- (c) 1999-2023 iDempiere(r); Implementation: iDempiere - Supported by iDempiere community--><!--<!DOCTYPE idempiereTrl PUBLIC "-//ComPiere, Inc.//DTD iDempiere Translation 1.0//EN" "http://www.idempiere.com/dtd/idempiereTrl.dtd">--><idempiereTrl language="zh_TW" table="AD_PrintFormatItem">
 <row id="50477" trl="Y">
  <value column="Name" original="VendorProductNo">供應商產品號</value>
  <value column="PrintName" original="VendorProductNo">供應商產品號</value>
  <value column="PrintNameSuffix" original=""/>
 </row>
 <row id="50992" trl="Y">
  <value column="Name" original="Setup T">設置時間</value>
  <value column="PrintName" original="Setup">設置時間</value>
  <value column="PrintNameSuffix" original=""/>
 </row>
 <row id="51001" trl="Y">
  <value column="Name" original="Cost T">成本類型</value>
  <value column="PrintName" original="Cost T">成本類型</value>
  <value column="PrintNameSuffix" original=""/>
 </row>
 <row id="51005" trl="Y">
  <value column="Name" original="Cost TL">成本類型</value>
  <value column="PrintName" original="Cost TL">成本類型</value>
  <value column="PrintNameSuffix" original=""/>
 </row>
 <row id="51006" trl="Y">
  <value column="Name" original="Cost LL">成本</value>
  <value column="PrintName" original="Cost LL">成本</value>
  <value column="PrintNameSuffix" original=""/>
 </row>
 <row id="51013" trl="Y">
  <value column="Name" original="Levels">層級</value>
  <value column="PrintName" original="Levels">層級</value>
  <value column="PrintNameSuffix" original=""/>
 </row>
 <row id="51018" trl="Y">
  <value column="Name" original="Parent">父</value>
  <value column="PrintName" original="Parent">父</value>
  <value column="PrintNameSuffix" original=""/>
 </row>
 <row id="51026" trl="Y">
  <value column="Name" original="Acct Schema">會計模式</value>
  <value column="PrintName" original="">會計模式</value>
  <value column="PrintNameSuffix" original=""/>
 </row>
 <row id="51066" trl="Y">
  <value column="Name" original="F Cost">成本</value>
  <value column="PrintName" original="F  Cost">成本</value>
  <value column="PrintNameSuffix" original=""/>
 </row>
 <row id="51067" trl="Y">
  <value column="Name" original="F Cost LL">成本</value>
  <value column="PrintName" original="F  Cost LL">成本</value>
  <value column="PrintNameSuffix" original=""/>
 </row>
 <row id="51068" trl="Y">
  <value column="Name" original="S Cost">S 成本</value>
  <value column="PrintName" original="S Cost">S 成本</value>
  <value column="PrintNameSuffix" original=""/>
 </row>
 <row id="51069" trl="Y">
  <value column="Name" original="Frozen">成本凍結</value>
  <value column="PrintName" original="">成本凍結</value>
  <value column="PrintNameSuffix" original=""/>
 </row>
 <row id="51074" trl="Y">
  <value column="Name" original="Description">描述</value>
  <value column="PrintName" original="Description">描述</value>
  <value column="PrintNameSuffix" original=""/>
 </row>
 <row id="51075" trl="Y">
  <value column="Name" original="Help">幫助</value>
  <value column="PrintName" original="Help">幫助</value>
  <value column="PrintNameSuffix" original=""/>
 </row>
 <row id="51076" trl="Y">
  <value column="Name" original="Help">幫助</value>
  <value column="PrintName" original="Help">幫助</value>
  <value column="PrintNameSuffix" original=""/>
 </row>
 <row id="51337" trl="N">
  <value column="Name" original="PP_Order_Node_ID">PP_Order_Node_ID</value>
  <value column="PrintName" original=""/>
  <value column="PrintNameSuffix" original=""/>
 </row>
 <row id="200010" trl="Y">
  <value column="Name" original="Standard Cost">標準成本</value>
  <value column="PrintName" original="">標準成本</value>
  <value column="PrintNameSuffix" original=""/>
 </row>
 <row id="200011" trl="Y">
  <value column="Name" original="Std Cost Amount Sum">標準成本匯總金額</value>
  <value column="PrintName" original="Std Cost Amount Sum">標準成本匯總金額</value>
  <value column="PrintNameSuffix" original=""/>
 </row>
 <row id="200067" trl="Y">
  <value column="Name" original="Report Title">產品</value>
  <value column="PrintName" original="Single Level BOM">產品</value>
  <value column="PrintNameSuffix" original=""/>
 </row>
 <row id="200068" trl="Y">
  <value column="Name" original="Label Part Number">產品編碼</value>
  <value column="PrintName" original="Part Number">產品編碼</value>
  <value column="PrintNameSuffix" original=""/>
 </row>
 <row id="200069" trl="Y">
  <value column="Name" original="Label Product Name">產品名稱</value>
  <value column="PrintName" original="Product Name">產品名稱</value>
  <value column="PrintNameSuffix" original=""/>
 </row>
 <row id="200070" trl="Y">
  <value column="Name" original="Label Product Category">產品類別</value>
  <value column="PrintName" original="Product Category">產品類別</value>
  <value column="PrintNameSuffix" original=""/>
 </row>
 <row id="200071" trl="Y">
  <value column="Name" original="Label Part Type">產品類型</value>
  <value column="PrintName" original="Part Type">產品類型</value>
  <value column="PrintNameSuffix" original=""/>
 </row>
 <row id="200072" trl="Y">
  <value column="Name" original="Label Unit Of Measure">單位</value>
  <value column="PrintName" original="Unit of Measure">單位</value>
  <value column="PrintNameSuffix" original=""/>
 </row>
 <row id="200073" trl="Y">
  <value column="Name" original="Label Locator">庫位</value>
  <value column="PrintName" original="Locator">庫位</value>
  <value column="PrintNameSuffix" original=""/>
 </row>
 <row id="200074" trl="Y">
  <value column="Name" original="Label Standard Cost">標準成本</value>
  <value column="PrintName" original="Standard Cost">標準成本</value>
  <value column="PrintNameSuffix" original=""/>
 </row>
 <row id="200075" trl="Y">
  <value column="Name" original="Part Type">產品類別</value>
  <value column="PrintName" original="">產品類別</value>
  <value column="PrintNameSuffix" original=""/>
 </row>
 <row id="200076" trl="Y">
  <value column="Name" original="Standard Cost">標準成本</value>
  <value column="PrintName" original="">標準成本</value>
  <value column="PrintNameSuffix" original=""/>
 </row>
 <row id="200077" trl="Y">
  <value column="Name" original="Label Bill of Materials">BOM</value>
  <value column="PrintName" original="Bill of Materials">BOM</value>
  <value column="PrintNameSuffix" original=""/>
 </row>
 <row id="200078" trl="Y">
  <value column="Name" original="Label Manufactured">可制造</value>
  <value column="PrintName" original="Manufactured">可制造</value>
  <value column="PrintNameSuffix" original=""/>
 </row>
 <row id="200079" trl="Y">
  <value column="Name" original="Label Purchased">可採購</value>
  <value column="PrintName" original="Purchased">可採購</value>
  <value column="PrintNameSuffix" original=""/>
 </row>
 <row id="200080" trl="Y">
  <value column="Name" original="Label Sold">可銷售</value>
  <value column="PrintName" original="Sold">可銷售</value>
  <value column="PrintNameSuffix" original=""/>
 </row>
 <row id="200081" trl="Y">
  <value column="Name" original="Label Kanban">看板</value>
  <value column="PrintName" original="Kanban Controlled">看板</value>
  <value column="PrintNameSuffix" original=""/>
 </row>
 <row id="200085" trl="Y">
  <value column="Name" original="Label BOM Verified">BOM已驗證</value>
  <value column="PrintName" original="BOM Verified">BOM已驗證</value>
  <value column="PrintNameSuffix" original=""/>
 </row>
 <row id="200153" trl="Y">
  <value column="Name" original="Master BOM">主BOM</value>
  <value column="PrintName" original="Master BOM">主BOM</value>
  <value column="PrintNameSuffix" original=""/>
 </row>
 <row id="200408" trl="N">
  <value column="Name" original="Test Print Format for UUID Based Table">Test Print Format for UUID Based Table</value>
  <value column="PrintName" original=""/>
  <value column="PrintNameSuffix" original=""/>
 </row>
 <row id="200413" trl="N">
  <value column="Name" original="Detail">Detail</value>
  <value column="PrintName" original=""/>
  <value column="PrintNameSuffix" original=""/>
 </row>
</idempiereTrl>
