<?xml version="1.0" encoding="UTF-8" standalone="no"?>
<!--iDempiere(r) Release 11_2022-12-24 -Smart Suite ERP, CRM and SCM- (c) 1999-2023 iDempiere(r); Implementation: iDempiere - Supported by iDempiere community--><!--<!DOCTYPE idempiereTrl PUBLIC "-//ComPiere, Inc.//DTD iDempiere Translation 1.0//EN" "http://www.idempiere.com/dtd/idempiereTrl.dtd">--><idempiereTrl language="zh_TW" table="C_DocType">
 <row id="0" trl="Y">
  <value column="Name" original="** New **">** 草稿 **</value>
  <value column="PrintName" original="** New **">** 草稿 **</value>
  <value column="DocumentNote" original="** NO INVOICE **">** 草稿 **</value>
 </row>
</idempiereTrl>
