<?xml version="1.0" encoding="UTF-8" standalone="no"?>
<!--iDempiere(r) Release 11_2022-12-24 -Smart Suite ERP, CRM and SCM- (c) 1999-2023 iDempiere(r); Implementation: iDempiere - Supported by iDempiere community--><!--<!DOCTYPE idempiereTrl PUBLIC "-//ComPiere, Inc.//DTD iDempiere Translation 1.0//EN" "http://www.idempiere.com/dtd/idempiereTrl.dtd">--><idempiereTrl language="zh_TW" table="C_UOM">
 <row id="100" trl="Y">
  <value column="Name" original="Each">件</value>
  <value column="Description" original="">pcs</value>
  <value column="UOMSymbol" original="Ea ">Ea</value>
 </row>
 <row id="101" trl="Y">
  <value column="Name" original="Hour">小時</value>
  <value column="Description" original="">60分鐘</value>
  <value column="UOMSymbol" original="h  ">h</value>
 </row>
 <row id="102" trl="Y">
  <value column="Name" original="Day">日</value>
  <value column="Description" original="">24小時</value>
  <value column="UOMSymbol" original="d  ">d</value>
 </row>
 <row id="103" trl="Y">
  <value column="Name" original="Minutes">分鐘</value>
  <value column="Description" original="(lowest unit for resorce assigments)">(資源分配的最小單位)</value>
  <value column="UOMSymbol" original="m  ">m  </value>
 </row>
 <row id="104" trl="Y">
  <value column="Name" original="Work Day">工作日</value>
  <value column="Description" original="8 hour">8 小時</value>
  <value column="UOMSymbol" original="D  ">D</value>
 </row>
 <row id="105" trl="Y">
  <value column="Name" original="Week">周</value>
  <value column="Description" original="">7天</value>
  <value column="UOMSymbol" original="w  ">w</value>
 </row>
 <row id="106" trl="Y">
  <value column="Name" original="Month">月</value>
  <value column="Description" original="30 days">30 天</value>
  <value column="UOMSymbol" original="m  ">m</value>
 </row>
 <row id="107" trl="Y">
  <value column="Name" original="Working Month">工作月</value>
  <value column="Description" original="20 days">20 天</value>
  <value column="UOMSymbol" original="M  ">M</value>
 </row>
 <row id="108" trl="Y">
  <value column="Name" original="Year">年</value>
  <value column="Description" original="">365 天</value>
  <value column="UOMSymbol" original="y  ">y  </value>
 </row>
</idempiereTrl>
