<?xml version="1.0" encoding="UTF-8" standalone="no"?>
<!--iDempiere(r) Release 11_2022-12-24 -Smart Suite ERP, CRM and SCM- (c) 1999-2023 iDempiere(r); Implementation: iDempiere - Supported by iDempiere community--><!--<!DOCTYPE idempiereTrl PUBLIC "-//ComPiere, Inc.//DTD iDempiere Translation 1.0//EN" "http://www.idempiere.com/dtd/idempiereTrl.dtd">--><idempiereTrl language="zh_TW" table="PA_DashboardContent">
 <row id="50001" trl="Y">
  <value column="Name" original="Favourites">收藏夾</value>
  <value column="Description" original="User favourities">用戶收藏夾</value>
  <value column="HTML" original=""/>
 </row>
 <row id="50002" trl="Y">
  <value column="Name" original="Views">查詢資訊</value>
  <value column="Description" original="Info views">資訊視圖</value>
  <value column="HTML" original=""/>
 </row>
 <row id="50003" trl="N">
  <value column="Name" original="Performance">Performance</value>
  <value column="Description" original="Performance meters">Performance meters</value>
  <value column="HTML" original=""/>
 </row>
 <row id="200000" trl="Y">
  <value column="Name" original="Recent Items">操作記錄</value>
  <value column="Description" original="Recent items">最近使用功能</value>
  <value column="HTML" original=""/>
 </row>
 <row id="200002" trl="Y">
  <value column="Name" original="Running Jobs">後台任務</value>
  <value column="Description" original="Running Jobs">運行中的批處理</value>
  <value column="HTML" original=""/>
 </row>
 <row id="200003" trl="Y">
  <value column="Name" original="Activities">待辦事項</value>
  <value column="Description" original="">代辦事項</value>
  <value column="HTML" original=""/>
 </row>
 <row id="200005" trl="N">
  <value column="Name" original="Donate">Donate</value>
  <value column="Description" original=""/>
  <value column="HTML" original="&lt;iframe src=&quot;https://www.idempiere.org/short-donate/&quot; style=&quot;border-top-width: 0px;border-bottom-width: 0px;border-right-width: 0px;border-left-width: 0px;width: 100%;height: 450px;&quot;&gt;&lt;/iframe&gt;" xml:space="preserve"><![CDATA[<iframe src="https://www.idempiere.org/short-donate/" style="border-top-width: 0px;border-bottom-width: 0px;border-right-width: 0px;border-left-width: 0px;width: 100%;height: 450px;"></iframe>]]></value>
 </row>
</idempiereTrl>
